Company,Ticker,Market Cap,Price
APPLE INC,AAPL,2062000,123.54
MICROSOFT CORP.,MSFT,1851000,245.71
"AMAZON.COM, INC.",AMZN,1607000,3187.01
ALPHABET INC (GOOGLE) CLASS C,GOOG,1594000,2404.61
ALPHABET INC (GOOGLE) CLASS A,GOOGL,1590000,2347.58
"FACEBOOK, INC.",FB,924475,326.04
BERKSHIRE HATHAWAY INC. NEW,BRK.B,667121,291.97
"TESLA, INC.",TSLA,551834,572.84
JP MORGAN CHASE & CO.,JPM,503018,166.17
VISA INC.,V,486512,228.11
JOHNSON & JOHNSON,JNJ,437249,166.04
NVIDIA CORPORATION,NVDA,422886,678.79
WALMART INC.,WMT,398389,141.60
UNITEDHEALTH GROUP INCORPORATED,UNH,384993,407.96
BANK OF AMERICA CORPORATION,BAC,370623,43.25
MASTERCARD INCORPORATED,MA,358581,361.82
PROCTER & GAMBLE COMPANY (THE),PG,332592,135.85
"HOME DEPOT, INC. (THE)",HD,331131,311.43
WALT DISNEY COMPANY (THE),DIS,320216,176.24
"PAYPAL HOLDINGS, INC.",PYPL,302833,257.79
COMCAST CORPORATION,CMCSA,259072,56.39
EXXON MOBIL CORPORATION,XOM,259008,61.18
COCA-COLA COMPANY (THE),KO,239902,55.64
VERIZON COMMUNICATIONS INC.,VZ,235901,56.98
ADOBE INC.,ADBE,235721,493.14
ORACLE CORPORATION,ORCL,233826,81.09
INTEL CORPORATION,INTC,227097,56.24
"CISCO SYSTEMS, INC.",CSCO,224744,53.33
"PFIZER, INC.",PFE,218142,38.97
"NETFLIX, INC.",NFLX,217015,489.43
SALESFORCE.COM INC,CRM,212888,230.84
"NIKE, INC.",NKE,211983,134.17
AT&T INC.,T,208702,29.23
CHEVRON CORPORATION,CVX,207946,107.59
"PEPSICO, INC.",PEP,204025,147.67
ABBVIE INC.,ABBV,198188,112.21
ELI LILLY AND COMPANY,LLY,194394,202.70
ABBOTT LABORATORIES,ABT,194029,109.20
WELLS FARGO & COMPANY,WFC,192046,46.46
BROADCOM INC.,AVGO,189779,464.80
"MERCK & COMPANY, INC.",MRK,187144,73.91
ACCENTURE PLC,ACN,185986,279.63
"UNITED PARCEL SERVICE, INC.",UPS,184536,211.98
"T-MOBILE US, INC.",TMUS,177453,142.32
THERMO FISHER SCIENTIFIC INC,TMO,175027,445.33
MORGAN STANLEY,MS,173686,93.35
MCDONALD'S CORPORATION,MCD,173448,232.45
DANAHER CORPORATION,DHR,171907,241.01
TEXAS INSTRUMENTS INCORPORATED,TXN,171775,186.00
COSTCO WHOLESALE CORPORATION,COST,169875,383.87
MEDTRONIC PLC.,MDT,165578,123.07
"CITIGROUP, INC.",C,164599,79.63
LINDE PLC,LIN,155189,298.32
PHILIP MORRIS INTERNATIONAL INC,PM,151755,97.37
UNION PACIFIC CORPORATION,UNP,149435,224.95
QUALCOMM INCORPORATED,QCOM,148648,131.78
BOEING COMPANY (THE),BA,146390,250.32
BRISTOL-MYERS SQUIBB COMPANY,BMY,144759,64.80
CHARLES SCHWAB CORPORATION (THE),SCHW,143381,76.01
"NEXTERA ENERGY, INC.",NEE,141950,72.37
AMGEN INC.,AMGN,135445,235.74
"LOWE'S COMPANIES, INC.",LOW,134521,190.30
"BLACKROCK, INC.",BLK,134377,881.01
RAYTHEON TECHNOLOGIES CORPORATION,RTX,134358,88.68
"CATERPILLAR, INC.",CAT,133572,243.84
"GOLDMAN SACHS GROUP, INC. (THE)",GS,132249,388.72
AMERICAN EXPRESS COMPANY,AXP,132159,164.52
STARBUCKS CORPORATION,SBUX,130933,111.12
INTERNATIONAL BUSINESS MACHINES CORPORATION,IBM,130052,145.55
"CHARTER COMMUNICATIONS, INC.",CHTR,127470,675.64
"APPLIED MATERIALS, INC.",AMAT,125151,136.38
GENERAL ELECTRIC COMPANY,GE,123691,14.09
INTUIT INC.,INTU,123120,450.56
AMERICAN TOWER CORPORATION (REIT) REIT,AMT,119553,263.35
3M COMPANY,MMM,118062,203.67
CVS HEALTH CORPORATION,CVS,114620,87.06
TARGET CORPORATION,TGT,113695,229.18
DEERE & COMPANY,DE,112496,358.91
"ESTEE LAUDER COMPANIES, INC. (THE)",EL,109798,302.88
LOCKHEED MARTIN CORPORATION,LMT,107658,387.35
ADVANCED MICRO DEVICES INC,AMD,97542,80.28
"ANTHEM, INC.",ANTM,96869,395.64
"INTUITIVE SURGICAL, INC.",ISRG,96702,816.65
BOOKING HOLDINGS INC. COMMON STOCK,BKNG,94249,2295.81
STRYKER CORPORATION,SYK,94074,249.70
"PROLOGIS, INC. REIT",PLD,92671,121.87
"ALTRIA GROUP, INC.",MO,92125,49.78
GENERAL MOTORS COMPANY,GM,92060,63.46
"MICRON TECHNOLOGY, INC.",MU,91990,82.03
S&P GLOBAL INC.,SPGI,91867,381.35
"FIDELITY NATIONAL INFORMATION SERVICES, INC.",FIS,90830,146.47
LAM RESEARCH CORPORATION,LRCX,90675,635.78
"SERVICENOW, INC.",NOW,90668,459.20
U.S. BANCORP,USB,90334,60.64
"MONDELEZ INTERNATIONAL, INC.",MDLZ,89536,63.74
CIGNA CORPORATION,CI,88178,256.97
CROWN CASTLE INTERNATIONAL CORP. (REIT) REIT,CCI,84411,194.91
"AUTOMATIC DATA PROCESSING, INC.",ADP,83823,196.99
"GILEAD SCIENCES, INC.",GILD,83378,66.48
"PNC FINANCIAL SERVICES GROUP, INC. (THE)",PNC,83221,195.88
ZOETIS INC.,ZTS,82524,173.82
TRUIST FINANCIAL CORPORATION,TFC,81767,60.80
FEDEX CORPORATION,FDX,81277,306.31
CONOCOPHILLIPS,COP,80250,59.47
"TJX COMPANIES, INC. (THE)",TJX,79403,65.84
CME GROUP INC.,CME,78265,217.95
DUKE ENERGY CORPORATION (HOLDING COMPANY),DUK,78206,101.67
CHUBB LIMITED,CB,77976,173.40
SHERWIN-WILLIAMS COMPANY (THE),SHW,75623,282.57
CSX CORPORATION,CSX,75513,99.70
"FISERV, INC.",FISV,75385,113.06
CAPITAL ONE FINANCIAL CORPORATION,COF,75078,166.29
ILLINOIS TOOL WORKS INC.,ITW,74049,234.42
"ACTIVISION BLIZZARD, INC",ATVI,73801,94.98
"HCA HEALTHCARE, INC.",HCA,71855,213.26
COLGATE-PALMOLIVE COMPANY,CL,71019,83.95
"MARSH & MCLENNAN COMPANIES, INC.",MMC,70874,139.37
"BECTON, DICKINSON AND COMPANY",BDX,70006,240.72
NORFOLK SOUTHERN CORPORATION,NSC,69960,279.57
SOUTHERN COMPANY (THE),SO,68109,64.46
"EQUINIX, INC. REIT",EQIX,67913,777.04
"AIR PRODUCTS AND CHEMICALS, INC.",APD,67304,304.11
FORD MTR CO DEL,F,63826,15.99
INTERCONTINENTAL EXCHANGE INC.,ICE,62805,111.60
MOODY'S CORPORATION,MCO,62577,334.28
"DOMINION ENERGY, INC.",D,61868,76.71
"FREEPORT-MCMORAN, INC.",FCX,61362,41.87
ECOLAB INC.,ECL,61148,213.85
"AUTODESK, INC.",ADSK,60401,274.47
"ANALOG DEVICES, INC.",ADI,59776,162.07
"WASTE MANAGEMENT, INC.",WM,59343,140.58
"ILLUMINA, INC.",ILMN,59069,404.58
NORTHROP GRUMMAN CORPORATION,NOC,58994,366.51
BOSTON SCIENTIFIC CORPORATION,BSX,58755,41.35
EDWARDS LIFESCIENCES CORPORATION,EW,58645,94.34
PROGRESSIVE CORPORATION (THE),PGR,58492,99.96
EMERSON ELECTRIC COMPANY,EMR,58471,97.50
"EATON CORPORATION, PLC",ETN,58348,146.42
"METLIFE, INC.",MET,58101,66.37
GLOBAL PAYMENTS INC.,GPN,57104,193.43
NEWMONT CORPORATION,NEM,56931,71.06
AON PLC,AON,56753,251.51
HUMANA INC.,HUM,55560,430.65
VERTEX PHARMACEUTICALS INCORPORATED,VRTX,54659,211.15
GENERAL DYNAMICS CORPORATION,GD,53922,190.81
"REGENERON PHARMACEUTICALS, INC.",REGN,53875,505.66
THE KRAFT HEINZ COMPANY,KHC,53806,43.99
DOW INC.,DOW,52745,70.61
SCHLUMBERGER N.V.,SLB,51067,36.52
"EOG RESOURCES, INC.",EOG,50663,86.81
PUBLIC STORAGE REIT,PSA,50392,288.85
MONSTER BEVERAGE CORPORATION,MNST,50240,95.05
DOLLAR GENERAL CORPORATION,DG,48658,206.00
JOHNSON CONTROLS INTERNATIONAL PLC,JCI,47733,66.60
"WALGREENS BOOTS ALLIANCE, INC.",WBA,47343,54.77
KLA CORPORATION,KLAC,47330,308.78
"ROPER TECHNOLOGIES, INC.",ROP,47052,447.10
"IDEXX LABORATORIES, INC.",IDXX,46930,550.30
"CONSTELLATION BRANDS, INC.",STZ,46302,238.65
"AMERICAN INTERNATIONAL GROUP, INC. NEW",AIG,45945,53.54
THE BANK OF NEW YORK MELLON CORPORATION,BK,45777,52.20
MARRIOTT INTERNATIONAL,MAR,45720,140.40
TWITTER INC,TWTR,45501,57.01
"DUPONT DE NEMOURS, INC.",DD,45429,85.37
TE CONNECTIVITY LTD. NEW SWITZERLAND REGISTERED SHARES,TEL,45280,137.12
"L3HARRIS TECHNOLOGIES, INC.",LHX,45084,219.94
"ALIGN TECHNOLOGY, INC.",ALGN,44867,566.96
IHS MARKIT LTD.,INFO,44756,105.62
EXELON CORPORATION,EXC,44725,45.77
"IQVIA HOLDINGS, INC.",IQV,44722,233.34
"SIMON PROPERTY GROUP, INC. REIT",SPG,44414,134.06
TRANE TECHNOLOGIES PLC,TT,43850,183.36
KIMBERLY-CLARK CORPORATION,KMB,43731,129.60
EBAY INC.,EBAY,43648,64.07
"DIGITAL REALTY TRUST, INC. REIT",DLR,43579,155.43
"T. ROWE PRICE GROUP, INC.",TROW,43445,191.51
LAS VEGAS SANDS CORP.,LVS,43363,56.76
"AMERICAN ELECTRIC POWER COMPANY, INC.",AEP,42959,85.96
"PPG INDUSTRIES, INC.",PPG,42911,180.99
"PRUDENTIAL FINANCIAL, INC.",PRU,42643,108.23
"ROSS STORES, INC.",ROST,42608,119.48
"KINDER MORGAN, INC.",KMI,42506,18.77
CENTENE CORPORATION,CNC,42196,72.41
APTIV PLC,APTV,42189,155.99
"AGILENT TECHNOLOGIES, INC.",A,41552,136.37
MICROCHIP TECHNOLOGY INCORPORATED,MCHP,41497,151.71
PIONEER NATURAL RESOURCES COMPANY,PXD,41496,170.10
SEMPRA ENERGY,SRE,41481,137.01
MARATHON PETROLEUM CORPORATION,MPC,41287,63.26
BAXTER INTERNATIONAL INC.,BAX,41078,81.69
SYSCO CORPORATION,SYY,41075,80.29
BIOGEN INC.,BIIB,41034,272.55
ALLSTATE CORPORATION (THE),ALL,40788,136.26
AMPHENOL CORPORATION,APH,40662,68.04
ELECTRONIC ARTS INC.,EA,40636,141.99
"THE TRAVELERS COMPANIES, INC.",TRV,40491,161.00
PARKER-HANNIFIN CORPORATION,PH,39911,309.25
CARRIER GLOBAL CORPORATION,CARR,39739,45.73
LYONDELLBASELL INDUSTRIES NV,LYB,39407,117.86
PHILLIPS 66,PSX,39062,89.21
"GENERAL MILLS, INC.",GIS,38916,63.80
AFLAC INCORPORATED,AFL,38911,57.25
"ALEXION PHARMACEUTICALS, INC.",ALXN,38851,175.78
"SYNOPSYS, INC.",SNPS,38229,250.59
CUMMINS INC.,CMI,38154,260.97
ARCHER-DANIELS-MIDLAND COMPANY,ADM,38131,68.25
MSCI INC,MSCI,38078,461.98
BROWN FORMAN INC,BF.B,37966,81.10
XCEL ENERGY INC.,XEL,37933,70.48
"CHIPOTLE MEXICAN GRILL, INC.",CMG,37526,1333.04
HP INC.,HPQ,37488,29.93
DISCOVER FINANCIAL SERVICES,DFS,37373,122.58
COGNIZANT TECHNOLOGY SOLUTIONS CORPORATION,CTSH,37341,70.80
CINTAS CORPORATION,CTAS,36861,350.88
"O'REILLY AUTOMOTIVE, INC.",ORLY,36855,528.30
CORNING INCORPORATED,GLW,36762,43.18
"PAYCHEX, INC.",PAYX,36706,101.86
"DEXCOM, INC.",DXCM,36433,376.74
TRANSDIGM GROUP INC.,TDG,36270,660.75
THE HERSHEY COMPANY,HSY,36129,174.54
"MOTOROLA SOLUTIONS, INC.",MSI,35605,209.85
"INTERNATIONA FLAVORS & FRAGRANCES, INC.",IFF,35523,142.71
"YUM! BRANDS, INC.",YUM,35367,118.72
"FORTINET, INC.",FTNT,35175,215.38
"REPUBLIC SERVICES, INC.",RSG,34740,108.89
"CADENCE DESIGN SYSTEMS, INC.",CDNS,34488,123.94
SOUTHWEST AIRLINES COMPANY,LUV,34454,58.26
HILTON WORLDWIDE HOLDINGS INC.,HLT,34296,123.13
"STANLEY BLACK & DECKER, INC.",SWK,34272,212.22
FIRST REPUBLIC BANK,FRC,34163,194.12
VALERO ENERGY CORPORATION,VLO,34058,83.32
OTIS WORLDWIDE CORPORATION,OTIS,33962,79.14
CARNIVAL CORPORATION,CCL,33913,30.67
"CORTEVA, INC.",CTVA,33892,45.98
SBA COMMUNICATIONS CORPORATION REIT,SBAC,33854,309.43
"WILLIAMS COMPANIES, INC. (THE)",WMB,33552,27.62
WILLIS TOWERS WATSON PUBLIC LIMITED COMPANY,WLTW,33371,258.74
"ZIMMER BIOMET HOLDINGS, INC.",ZBH,33345,159.94
"D.R. HORTON, INC.",DHI,32923,91.33
WELLTOWER INC. REIT,WELL,32491,76.71
PACCAR INC.,PCAR,32292,93.02
NUCOR CORPORATION,NUE,32040,107.07
SVB FINANCIAL GROUP,SIVB,32003,589.21
"ROCKWELL AUTOMATION, INC.",ROK,31856,274.44
"AMETEK, INC.",AME,31597,136.83
PUBLIC SERVICE ENTERPRISE GROUP INCORPORATED,PEG,31169,61.71
V.F. CORPORATION,VFC,31090,79.28
"XILINX, INC.",XLNX,30934,125.83
MCKESSON CORPORATION,MCK,30666,193.86
"OLD DOMINION FREIGHT LINE, INC.",ODFL,30636,264.18
"AMERIPRISE FINANCIAL, INC.",AMP,30578,263.82
STATE STREET CORPORATION,STT,30287,87.09
FASTENAL COMPANY,FAST,30210,52.60
"AUTOZONE, INC.",AZO,30099,1392.20
EQUITY RESIDENTIAL REIT,EQR,29920,79.51
CBRE GROUP INC,CBRE,29806,88.80
FIFTH THIRD BANCORP,FITB,29714,42.21
"AVALONBAY COMMUNITIES, INC. REIT",AVB,29701,213.10
RESMED INC.,RMD,29675,203.93
ARTHUR J. GALLAGHER & CO.,AJG,29623,144.58
"WEC ENERGY GROUP, INC.",WEC,29597,93.83
"DELTA AIR LINES, INC.",DAL,29507,46.13
"COPART, INC.",CPRT,29246,123.62
"METTLER-TOLEDO INTERNATIONAL, INC.",MTD,29210,1255.28
KROGER COMPANY (THE),KR,29141,38.49
LENNAR CORPORATION,LEN,29014,94.97
SYNCHRONY FINANCIAL,SYF,28993,49.85
"BEST BUY CO., INC.",BBY,28936,115.56
"ANSYS, INC.",ANSS,28699,329.30
"TYSON FOODS, INC.",TSN,28326,79.17
"AMERICAN WATER WORKS COMPANY, INC.",AWK,28316,156.04
WEYERHAEUSER COMPANY REIT,WY,28290,36.29
EVERSOURCE ENERGY (D/B/A),ES,28233,82.20
"EQUIFAX, INC.",EFX,27867,228.98
"VERISK ANALYTICS, INC.",VRSK,27852,171.83
"SKYWORKS SOLUTIONS, INC.",SWKS,27608,167.23
"NASDAQ, INC.",NDAQ,27578,168.06
BALL CORPORATION,BLL,27367,83.37
OCCIDENTAL PETROLEUM CORPORATION,OXY,27330,29.28
GARMIN LTD.,GRMN,27327,142.22
KANSAS CITY SOUTHERN,KSU,27174,298.83
ZEBRA TECHNOLOGIES CORPORATION,ZBRA,27079,506.04
VIACOMCBS INC.,VIAC,27024,41.58
HESS CORPORATION,HES,26987,87.50
BAKER HUGHES COMPANY,BKR,26936,25.86
"MAXIM INTEGRATED PRODUCTS, INC.",MXIM,26887,100.19
"ALEXANDRIA REAL ESTATE EQUITIES, INC. REIT",ARE,26849,183.53
HORMEL FOODS CORPORATION,HRL,26813,49.64
KEYSIGHT TECHNOLOGIES INC.,KEYS,26718,145.03
DTE ENERGY COMPANY,DTE,26668,137.66
"CONSOLIDATED EDISON, INC.",ED,26486,77.26
REALTY INCOME CORPORATION REIT,O,26374,70.19
"ARISTA NETWORKS, INC.",ANET,26245,343.87
LABORATORY CORPORATION OF AMERICA HOLDINGS,LH,25892,265.18
NORTHERN TRUST CORPORATION,NTRS,25148,120.82
INTERNATIONAL PAPER COMPANY,IP,25146,64.19
"EXPEDIA GROUP, INC.",EXPE,25095,170.75
FORTIVE CORPORATION,FTV,24899,73.55
"WEST PHARMACEUTICAL SERVICES, INC.",WST,24566,332.77
"UNITED RENTALS, INC.",URI,24328,336.12
"VERISIGN, INC.",VRSN,24326,216.00
VULCAN MATERIALS COMPANY (HOLDING COMPANY),VMC,24276,182.99
CERNER CORPORATION,CERN,24184,80.26
"W.W. GRAINGER, INC.",GWW,24151,463.46
D/B/A ROYAL CARIBBEAN CRUISES LTD.,RCL,24113,94.72
AMERISOURCEBERGEN CORPORATION,ABC,23992,116.80
"ONEOK, INC.",OKE,23934,53.72
"MCCORMICK & COMPANY, INCORPORATED",MKC,23933,89.67
DISH NETWORK CORPORATION,DISH,23673,44.89
WESTERN DIGITAL CORPORATION,WDC,23529,76.78
"HARTFORD FINANCIAL SERVICES GROUP, INC. (THE)",HIG,23439,65.62
"DOLLAR TREE, INC.",DLTR,23325,100.56
CDW CORPORATION,CDW,23173,165.28
"FLEETCOR TECHNOLOGIES, INC.",FLT,23112,277.29
REGENCY CENTERS CORPORATION REIT,REG,22877,66.81
KELLOGG COMPANY,K,22721,66.73
"VENTAS, INC. REIT",VTR,22489,56.89
"MARTIN MARIETTA MATERIALS, INC.",MLM,22425,359.56
SEAGATE TECHNOLOGY HOLDINGS PLC,STX,22331,97.57
PPL CORPORATION,PPL,22329,29.02
KEYCORP,KEY,22322,23.00
CLOROX COMPANY (THE),CLX,22228,178.72
REGIONS FINANCIAL CORPORATION,RF,22052,22.94
HALLIBURTON COMPANY,HAL,21976,24.70
DOVER CORPORATION,DOV,21883,152.04
AMEREN CORPORATION,AEE,21865,85.56
"CITIZENS FINANCIAL GROUP, INC.",CFG,21424,50.30
EDISON INTERNATIONAL,EIX,21336,56.23
"TERADYNE, INC.",TER,21335,128.32
XYLEM INC.,XYL,21335,118.50
ENTERGY CORPORATION,ETR,21232,105.81
"CHURCH & DWIGHT COMPANY, INC.",CHD,21143,86.21
DEVON ENERGY CORPORATION,DVN,21099,31.17
"ETSY, INC.",ETSY,21066,165.74
M&T BANK CORPORATION,MTB,20974,163.01
FOX CORPORATION,FOXA,20947,36.62
"EXPEDITORS INTERNATIONAL OF WASHINGTON, INC.",EXPD,20944,124.01
FIRSTENERGY CORP.,FE,20924,38.47
MGM RESORTS INTERNATIONAL,MGM,20872,42.55
FOX CORPORATION,FOX,20784,35.16
HEWLETT PACKARD ENTERPRISE COMPANY,HPE,20688,15.90
INGERSOLL RAND INC.,IR,20612,49.14
EXTRA SPACE STORAGE INC REIT,EXR,20594,153.78
"TAKE-TWO INTERACTIVE SOFTWARE, INC.",TTWO,20556,177.73
TRACTOR SUPPLY COMPANY,TSCO,20511,177.96
"QORVO, INC.",QRVO,20375,180.97
"GARTNER, INC.",IT,20059,233.04
"ESSEX PROPERTY TRUST, INC. REIT",ESS,20031,307.82
CINCINNATI FINANCIAL CORPORATION,CINF,19873,123.36
"LIVE NATION ENTERTAINMENT, INC.",LYV,19688,90.03
ALBEMARLE CORPORATION,ALB,19629,168.17
TELEDYNE TECHNOLOGIES INCORPORATED,TDY,19610,421.36
TRIMBLE INC.,TRMB,19538,77.85
WATERS CORPORATION,WAT,19515,316.28
"MID-AMERICA APARTMENT COMMUNITIES, INC. REIT",MAA,18975,163.77
"BOSTON PROPERTIES, INC. REIT",BXP,18951,120.12
"THE COOPER COMPANIES, INC.",COO,18878,384.09
CELANESE CORPORATION CELANESE CORPORATION,CE,18823,167.12
"UNITED AIRLINES HOLDINGS, INC.",UAL,18680,57.73
"AKAMAI TECHNOLOGIES, INC.",AKAM,18672,114.56
GENUINE PARTS COMPANY,GPC,18660,129.16
"CONAGRA BRANDS, INC.",CAG,18627,38.81
VIATRIS INC.,VTRS,18625,15.41
CARMAX INC,KMX,18568,113.81
"PAYCOM SOFTWARE, INC.",PAYC,18460,319.41
JACOBS ENGINEERING GROUP INC.,J,18454,141.72
"L BRANDS, INC.",LB,18427,66.07
"HEALTHPEAK PROPERTIES, INC. REIT",PEAK,18421,33.86
"BROADRIDGE FINANCIAL SOLUTIONS, INC.",BR,18418,158.60
AMCOR PLC,AMCR,18409,11.94
TELEFLEX INCORPORATED,TFX,18284,391.24
"RAYMOND JAMES FINANCIAL, INC.",RJF,18263,132.90
INCYTE CORPORATION,INCY,18232,82.90
"ULTA BEAUTY, INC.",ULTA,18232,332.95
"ENPHASE ENERGY, INC.",ENPH,18201,134.13
AVERY DENNISON CORPORATION,AVY,18199,219.25
DUKE REALTY CORPORATION REIT,DRE,18177,48.14
CMS ENERGY CORPORATION,CMS,18140,62.67
"FRANKLIN RESOURCES, INC.",BEN,17924,35.54
"J.B. HUNT TRANSPORT SERVICES, INC.",JBHT,17912,169.51
PRINCIPAL FINANCIAL GROUP INC,PFG,17877,65.72
OMNICOM GROUP INC.,OMC,17665,82.13
EASTMAN CHEMICAL COMPANY,EMN,17608,128.98
POOL CORPORATION,POOL,17594,438.40
"DARDEN RESTAURANTS, INC.",DRI,17592,134.45
"NETAPP, INC.",NTAP,17514,78.68
"BIO-RAD LABORATORIES, INC.",BIO,17354,581.59
"NVR, INC.",NVR,17263,4747.07
"CATALENT, INC.",CTLT,17138,100.61
IDEX CORPORATION,IEX,16948,223.20
"MARKETAXESS HOLDINGS, INC.",MKTX,16872,444.21
QUEST DIAGNOSTICS INCORPORATED,DGX,16740,128.14
THE AES CORPORATION,AES,16703,25.07
"LUMEN TECHNOLOGIES, INC.",LUMN,16569,14.99
DOMINO'S PIZZA INC,DPZ,16508,425.12
"CARDINAL HEALTH, INC.",CAH,16350,56.35
"ROLLINS, INC.",ROL,16284,33.09
NORTONLIFELOCK INC.,NLOK,16273,28.06
STERIS PLC (IRELAND),STE,16217,189.96
HUNTINGTON BANCSHARES INCORPORATED,HBAN,16106,15.82
"TYLER TECHNOLOGIES, INC.",TYL,16104,395.29
"AMERICAN AIRLINES GROUP, INC.",AAL,15990,24.93
"DIAMONDBACK ENERGY, INC. - COMMMON STOCK",FANG,15660,86.52
WESTROCK COMPANY,WRK,15653,58.82
"HOLOGIC, INC.",HOLX,15625,60.98
WESTINGHOUSE AIR BRAKE TECHNOLOGIES CORPORATION,WAB,15624,82.67
"DISCOVERY, INC. - SERIES C",DISCK,15567,29.63
"DISCOVERY, INC. - SERIES A",DISCA,15564,31.63
"PERKINELMER, INC.",PKI,15537,138.61
TEXTRON INC.,TXT,15436,68.39
"MONOLITHIC POWER SYSTEMS, INC.",MPWR,15371,335.94
LOEWS CORPORATION,L,15314,58.19
FMC CORPORATION,FMC,15188,117.85
LKQ CORPORATION,LKQ,15162,50.18
HOWMET AEROSPACE INC.,HWM,15128,34.83
J.M. SMUCKER COMPANY (THE) NEW,SJM,15110,137.88
NEWS CORPORATION,NWSA,15023,25.89
NEWS CORPORATION,NWS,14998,24.48
MASCO CORPORATION,MAS,14996,59.09
CAMPBELL SOUP COMPANY,CPB,14975,49.42
"WYNN RESORTS, LIMITED",WYNN,14929,129.08
"PULTEGROUP, INC.",PHM,14893,56.31
"CENTERPOINT ENERGY, INC (HOLDING CO)",CNP,14739,25.39
"UDR, INC. REIT",UDR,14678,49.05
WHIRLPOOL CORPORATION,WHR,14652,233.96
"LEIDOS HOLDINGS, INC.",LDOS,14643,103.54
ALLIANT ENERGY CORPORATION,LNT,14540,58.13
DENTSPLY SIRONA INC.,XRAY,14533,66.57
"CITRIX SYSTEMS, INC.",CTXS,14472,116.55
"EVERGY, INC.",EVRG,14332,62.51
MOSAIC COMPANY (THE),MOS,14200,37.39
"FORTUNE BRANDS HOME & SECURITY, INC.",FBHS,14099,101.85
"MOHAWK INDUSTRIES, INC.",MHK,14076,201.93
PACKAGING CORPORATION OF AMERICA,PKG,13877,146.08
SNAP-ON INCORPORATED,SNA,13713,253.57
W.R. BERKLEY CORPORATION,WRB,13703,77.25
"UNIVERSAL HEALTH SERVICES, INC.",UHS,13540,158.86
INVESCO LTD,IVZ,13534,29.33
LINCOLN NATIONAL CORPORATION,LNC,13511,70.97
"INTERPUBLIC GROUP OF COMPANIES, INC. (THE)",IPG,13379,34.01
ATMOS ENERGY CORPORATION,ATO,13223,101.19
"HASBRO, INC.",HAS,13147,95.57
IRON MOUNTAIN INCORPORATED (DELAWARE) REIT,IRM,13074,45.54
BORGWARNER INC.,BWA,13024,54.30
"QUANTA SERVICES, INC.",PWR,13023,93.46
MOLSON COORS BEVERAGE COMPANY,TAP,12984,59.80
DAVITA INC.,DVA,12864,121.13
"ABIOMED, INC.",ABMD,12857,283.85
"C.H. ROBINSON WORLDWIDE, INC.",CHRW,12788,96.16
ADVANCE AUTO PARTS INC ADVANCE AUTO PARTS INC W/I,AAP,12507,191.14
HOST HOTELS REIT,HST,12498,17.43
ALLEGION PLC,ALLE,12412,137.94
"LAMB WESTON HOLDINGS, INC.",LW,12229,83.60
NEWELL BRANDS INC.,NWL,12079,28.40
"CBOE GLOBAL MARKETS, INC.",CBOE,11970,112.20
"GAP, INC. (THE)",GPS,11940,31.62
NORWEGIAN CRUISE LINE HOLDINGS LTD.,NCLH,11904,32.18
"TAPESTRY, INC.",TPR,11857,42.52
"CF INDUSTRIES HOLDINGS, INC.",CF,11803,55.02
"JACK HENRY & ASSOCIATES, INC.",JKHY,11573,155.80
PENTAIR PLC.,PNR,11563,69.57
A.O. SMITH CORPORATION,AOS,11044,68.83
"F5 NETWORKS, INC.",FFIV,10973,184.06
"HENRY SCHEIN, INC.",HSIC,10969,77.96
GLOBE LIFE INC.,GL,10957,106.32
COMERICA INCORPORATED,CMA,10947,78.41
MARATHON OIL CORPORATION,MRO,10877,13.80
IPG PHOTONICS CORPORATION,IPGP,10768,200.98
"EVEREST RE GROUP, LTD.",RE,10301,257.00
DXC TECHNOLOGY COMPANY,DXC,10284,40.36
WESTERN UNION COMPANY (THE),WU,10280,25.12
ROBERT HALF INTERNATIONAL INC.,RHI,10158,90.07
NISOURCE INC,NI,9994,25.48
"ASSURANT, INC.",AIZ,9829,162.28
PINNACLE WEST CAPITAL CORPORATION,PNW,9806,86.97
NIELSEN N.V.,NLSN,9755,27.21
KIMCO REALTY CORPORATION REIT,KIM,9640,22.17
ZIONS BANCORPORATION N.A.,ZION,9549,58.29
VORNADO REALTY TRUST REIT,VNO,9478,49.00
"UNDER ARMOUR, INC.",UAA,9403,22.15
"UNDER ARMOUR, INC.",UA,9395,19.06
FEDERAL REALTY INVESTMENT TRUST REIT,FRT,9343,118.55
"HUNTINGTON INGALLS INDUSTRIES, INC.",HII,8876,220.61
RALPH LAUREN CORPORATION,RL,8861,121.14
"JUNIPER NETWORKS, INC.",JNPR,8826,26.93
APA CORPORATION,APA,8792,23.26
SEALED AIR CORPORATION,SEE,8787,57.81
"NRG ENERGY, INC.",NRG,8393,34.29
PEOPLE'S,PBCT,8202,19.18
"ALASKA AIR GROUP, INC.",ALK,8149,65.46
PVH CORP.,PVH,7881,110.59
"LEGGETT & PLATT, INCORPORATED",LEG,7321,54.95
NOV INC.,NOV,6907,17.68
HANESBRANDS INC.,HBI,6808,19.50
CABOT OIL & GAS CORPORATION,COG,6714,16.80
UNUM GROUP,UNM,6460,31.63
PERRIGO COMPANY PLC,PRGO,6324,47.35
VONTIER CORPORATION,VNT,5739,34.00
SL GREEN REALTY CORP REIT,SLG,5690,80.50
HOLLYFRONTIER CORPORATION,HFC,5686,35.00
FLOWSERVE CORPORATION,FLS,5577,42.80
XEROX HOLDINGS CORPORATION,XRX,4605,23.99
